Subcompactions,Throughput_MBps,CPU_Usage_Percent,Memory_GB,Compaction_Time_Sec,IO_Read_MBps,IO_Write_MBps,System_Load_Average
1,,9,21.8919,564,0,0,1.439
2,,21.375,19.5834,546,0,0,2.38
4,,33.2,15.1932,545,0,0,2.418
8,,61,13.1212,531,0,0,2.499
12,,65.2,11.3085,539,0,0,2.748
16,,59.7,9.36023,542,0,0,2.455
24,,73.875,7.45028,529,0,0,2.62
32,,64,5.38861,537,0,0,2.031
